nazwa,prawdopodobienstwo
Milurit,0.02413413199473802
Polpril,0.015707361035163524
Atoris,0.01462513252000445
Nebilet,0.014400972767884868
Roswera,0.01400696084364232
Zahron,0.010711437868881922
Kalipoz prolongatum,0.010621400953634934
Romazic,0.009990962032647915
Glucophage XR,0.009747586844677612
Tertensif SR,0.009638490960449652
Amlozek,0.0092029429931582
Polfenon,0.008692474091501928
Prestarium 5 mg,0.008078547473520915
IPP 20,0.007711027887647725
Nedal,0.007096426342486196
Spironol,0.006837529870547607
Mesopral,0.006637551700285929
Co-Prestarium,0.006506219768812661
Doreta,0.006482286474918403
Tritace 5,0.00635421726870418
Furosemidum Polpharma,0.006245790774076693
Amlopin 5 mg,0.006145641077649465
Jardiance,0.006085466511332319
Diuresin SR,0.0058084453274351066
Lacipil,0.005724679817793182
Neoparin,0.005607551195981587
Trittico CR,0.005547124789773838
Forxiga,0.0054874388340908084
Atorvasterol,0.005163812727243689
Indapen SR,0.005110252606398085
Emanera,0.005081461830960802
Nimesil,0.004941088280815048
Controloc 20,0.004924171118602886
Metformax 500,0.00489159387325846
Suvardio,0.004785910387261538
Depakine Chrono 500,0.00476571527440259
Tritace 10,0.004756579245541138
Axtil,0.004729803583265417
Telmizek,0.0046973338273043844
Co-Valsacor,0.004641525956925249
Siofor 1000,0.004401185315204949
Metocard,0.0041516038201575445
Zinnat,0.004016233781512552
Euthyrox N 75,0.003985738753620918
Diaprel MR,0.003889408590880664
Tulip,0.0038476023839473
Hitaxa,0.003830444651873205
Amotaks,0.003821817303085328
Euthyrox N 50,0.0037273712431939985
Zaranta,0.003722168339979002
Glucophage 1000 mg,0.0037130495624924866
Prostamnic,0.0036805297585645828
Bisoratio 5,0.003601490748589391
Clexane,0.003586540368353679
Augmentin,0.0035455368913165216
Polsart,0.0034451291463891585
Siofor 500,0.003383044073985931
Furosemidum Polfarmex,0.0033568513575523416
Xarelto,0.0032139032023588603
"Omnic Ocas 0,4",0.0032035157615990365
Nebilenin,0.0031944639043182304
Ketrel,0.0031678953965148956
Ezehron Duo,0.0031248289831406766
Doxar,0.0031130898533751014
Amlopin 10 mg,0.003112239560188837
Propranolol WZF,0.0031121156621017757
Noliprel Forte,0.003106654746443928
Metypred,0.0030844834971202936
Nolpaza 20 mg tabletki dojelitowe,0.0030742964609545608
Amoksiklav,0.0030381306701018373
Siofor 850,0.0029796312624231856
Formetic,0.0029788762205729675
Metformax 1000,0.0029173164630500494
Valsacor 160 mg tabletki powlekane,0.0029115453583287033
Euthyrox N 100,0.00289115730072987
Klacid,0.0028779318136627563
Prestarium 10 mg,0.0028198958206290246
Lisiprol,0.0028064124433725933
"Tritace 2,5",0.00277441814309683
Cardura XL,0.0027393254186902655
Nebbud,0.002728965148311933
Cipronex,0.0027238435351203912
Lipanthyl Supra 160,0.002704264542989891
Metformax 850,0.002701592284849685
Rosutrox,0.0026793838787324943
Polprazol,0.002649632637335564
Gliclada,0.002631580108194614
Ebivol,0.0026098149298749065
Ranlosin,0.0025936532280959575
Poltram Combo,0.00257028891600135
Acidum folicum Richter,0.002548167209228368
Depakine Chrono 300,0.002536656176848152
Egiramlon,0.0025358940828071695
VaxigripTetra,0.002533860315426159
Glucophage 500 mg,0.002531485311907395
Encorton,0.0024801475861815597
Controloc 40,0.0024733034129666392
Euthyrox N 25,0.0024448773052379844
Asertin 50,0.002424143797508085
Nebicard,0.0023800140027200162
Letrox 75 mikrogramów,0.002351262583206703
Atrox 20,0.0023463950392696997
Letrox 50,0.00234002908955186
Polsart Plus,0.0023049386400528804
Valsacor 80 mg tabletki powlekane,0.002299828060163126
Finaster,0.002280263475773081
Coroswera,0.0022279716917060484
Lipanthyl Supra 215 mg,0.00221143766340085
Berodual,0.0022078296599710038
Sumamed,0.0021861471144844517
Telmizek HCT,0.002169325711640697
Ketonal forte,0.0021541156795272334
Indix Combi,0.0021495465276427147
Letrox 100,0.0021210102233906415
Asentra,0.002104617021601561
Euthyrox N 88 mcg,0.002101677922238661
Helicid 20,0.0020997977111196393
Indix SR,0.0020962204189421906
Piramil 5 mg,0.002085769493496595
Lipanthyl 267M,0.002044093186538974
Telmisartan EGIS,0.0020037477005185912
Coronal 5,0.0019906521950054062
Vivace 5 mg,0.0019463411659282304
Apo-Napro,0.0019307900240253804
Hyplafin,0.0019058607020426368
DicloDuo,0.0019053951042826524
Prenessa,0.0019019910842405128
IPP 40,0.001854276035098448
Simvasterol,0.0018472249590386692
Karbis,0.0018441128854623577
Pronasal,0.0018190820773043498
Noliprel Bi-Forte,0.0017902430738490132
Avedol,0.0017851950539178472
Asamax 500,0.0017728969945095166
Enarenal,0.0017637824862510693
Ridlip,0.001759538646173958
Avamina,0.0017553255173264955
TamisPRAS,0.0017515787445339626
Salmex,0.0017381203912609665
Rimal,0.0017111172382267437
Milukante,0.001648113672659532
Olfen UNO,0.0016461423894144397
Tolura,0.001639323050592156
Vivace 10 mg,0.0016352900186027573
Heviran,0.0016127792014220981
Glucophage 850 mg,0.0016113648155310705
Cosopt,0.0016096950333636636
Tezeo,0.0015998799445880818
Ramizek Combi,0.0015921270595383235
Zyrtec,0.001582220974459341
Lorista,0.00157119070587451
NovoRapid Penfill,0.0015686322862937699
Agen 5,0.001557595099851467
Euthyrox N 125,0.00153512811254178
Ibuprofen Hasco,0.0015271249876576691
Apo-Fina,0.0015207165729906593
Lisiprol HCT,0.0015107752268441088
Teldipin,0.0015100235323839077
Carzap,0.001467754449503739
Metmin,0.0014646423759274276
Doxycyclinum TZF,0.001429760762944753
Storvas CRT,0.001426894834369141
Grofibrat S,0.00142017665313447
Zoloft,0.0014048441551475133
Chlorprothixen Zentiva,0.0014023918047708585
Taromentin,0.00139777416041028
Lamotrix,0.0013923647704537716
Nitrendypina Egis,0.0013764407964947088
Atrovent N,0.0013740396542877929
Symbicort Turbuhaler,0.0013718989435012102
Ylpio,0.001366625707719127
Azycyna,0.0013488775605305808
Tisercin,0.0013462994084469466
Flucofast,0.0013379377877694818
Valtricom,0.0013341309277746585
Trulicity,0.0013286040397968452
Texibax,0.0013206543752409823
Pulmicort,0.0013205633789375815
Ventolin,0.0012965426297473237
Alvesco 160,0.0012884962816190973
Nalgesin Forte,0.0012883195970769127
Adeksa,0.0012816670090488582
Sulpiryd Teva,0.001274400954222295
Apo-Tamis,0.0012577806310514565
Ozempic,0.0012571503300050657
Piramil 10 mg,0.001253556138517378
Apo-Doxan 4,0.0012363292383331427
Bioxetin,0.0012343011582210946
Biseptol 960,0.0012293156982485167
Karbicombi,0.0012236449223659506
Contrahist,0.0012168670247844236
Torvacard 20,0.0012130330472087147
Telam,0.0012074708981633334
Eliquis,0.0012065222617003788
Amlessa,0.0012062075661359512
Euthyrox N 112 mcg,0.0011992675814117405
"Co-Prenessa 4 mg/1,25 mg tabletki",0.0011984986626480028
Dironorm,0.0011975341018319531
Atrodil,0.0011854224938492907
Sobycor,0.0011835320456461366
Fostex,0.0011723023435115177
Metformax SR 500,0.0011567605540494879
Aldan,0.0011530755828978486
Clindamycin-MIP 600,0.0011524570833440384
Adadut,0.0011308588354225141
Dipperam,0.0011272235331016474
Aspulmo,0.0011245823653954358
Crosuvo,0.0011224462271730992
Anapran,0.0011192943575464472
Coaxil,0.001103043540380438
Amotaks Dis,0.0010966581470729672
Cardilopin,0.0010941554764457532
Sumamed forte,0.0010926388789796796
Bioracef,0.0010879206134546964
Klabax,0.0010793467282936833
Avamina SR,0.0010635594860398338
Asertin 100,0.0010580686174245335
Madopar 125 mg,0.0010561804441289644
Setaloft 50 mg,0.001055532095467233
Rispolept,0.0010524291215212615
Anafranil SR 75,0.0010516636151189013
Dalacin C,0.0010428694411700654
Sitagliptin Adamed,0.0010348327113511087
Symformin XR,0.0010335314642124756
NovoMix 30 Penfill,0.0010248365399317591
Actelsar,0.0010202234173367398
Acurenal,0.0010188037125070366
Loperamid WZF,0.0010003587618076704
Olfen 75 SR,0.0010000061510637445
Telmisartan HCT EGIS,0.0009996603651790683
Alphagan,0.0009973854575940453
Ozzion,0.0009962832648691016
Perazin 25 mg,0.0009945167991293313
Atrox 40,0.0009907533436660087
"Piramil 2,5 mg",0.0009883017516070483
Zocor 20,0.0009852420009051925
Nasometin,0.0009844298588973393
Allupol,0.0009824893627273146
Budixon Neb,0.0009822054542607036
Letrox 125 mikrogramów,0.0009781283648868256
Furaginum Teva,0.0009646768363365847
Panzol,0.0009639340790100746
Telmix,0.0009628819342520015
Lambrinex,0.0009561201506143678
Azopt,0.000952740396237969
Haloperidol WZF,0.0009496437920332357
NebivoLek,0.0009429036958403296
Depo-Medrol,0.0009418322143677837
Lerivon,0.0009388452607086486
Ezen,0.0009358310081584931
Avasart,0.000929684207863761
Symglic,0.0009256189480093249
Tolucombi,0.0009243886021646746
Poltram Combo Forte,0.0009165424459039303
Neurotop retard 300,0.0009156093546352237
Paroxinor,0.0009150565520920632
Monoprost,0.0009144635595073174
Solinco,0.0009092737370109346
Apo-Atorva,0.0009060092446264267
Tulip 40 mg,0.000905805640374818
Valzek,0.0009055588129245921
Seronil,0.0009019741652202017
Aglan 15,0.0008999234876548939
Vivacor,0.000895011203906633
Amaryl 4,0.0008887654451319525
Metformax SR 1000,0.0008815824244322423
Indapen,0.0008806394752382503
Macromax,0.0008803793775696088
Carzap HCT,0.0008790948129880196
Lorista H,0.0008780498721115489
Glibetic 4 mg,0.0008779687337334333
Bioprazol,0.0008717400367656403
Ostenil 70,0.0008690943192442586
Asaris,0.0008674359046763088
Sulfasalazin EN Krka,0.0008666465186827739
Zevesin,0.0008622468474133394
ParoGen,0.0008603427497646752
Fokusin,0.0008540351893263517
Xalatan,0.0008481045204485795
Deprexolet,0.0008464893208668305
Clonazepamum TZF,0.0008457128190853923
Helides,0.0008422959078926877
Venlectine,0.0008402029929144666
Transtec 35 mcg/h,0.0008388230339733917
Adatam,0.0008383019284683327
Dulsevia,0.0008373184100966575
Symfaxin ER,0.0008360444618490446
Tezeo HCT,0.000832471719486766
Lapixen,0.0008283052262447963
Adipine,0.000825595811311034
Polprazol PPH,0.000823521095593493
Levetiracetam Accord,0.000818277433610015
Agen 10,0.0008137412678854792
Ezehron,0.0008122716775855543
Sotahexal 80,0.0008064206152768752
Anoro Ellipta,0.0008031110797221837
Atrox 10,0.0007959124378463123
Sulpiryd Hasco,0.0007878141461389722
Influvac Tetra,0.0007810826945948891
Zafiron,0.0007791353736793603
Co-Prenessa,0.00077720625207001
Movalis,0.0007768858691228744
Systen Conti,0.0007757184625094049
Comboterol,0.0007706931916540891
Prograf,0.0007654950278223116
Spironol 100,0.0007621661555531475
Trimbow,0.000761482090842331
Perazin 100 mg,0.0007567047849137827
Klozapol,0.0007566774860227625
Faxolet ER,0.0007560496115292961
Daneb,0.0007542228607385227
Panprazox,0.0007540886411910063
Topamax,0.0007535517630009408
Aulin,0.0007530153397923925
Penester,0.0007476582357658407
Pernazinum,0.0007468635347009732
Glibetic 2 mg,0.0007438106087218724
Promonta 10 mg,0.0007437014131577913
Asmenol,0.0007411444170322255
Kalium effervescens bezcukrowy,0.0007409192011813082
Lozap 50,0.0007401639318630806
Silamil,0.0007399728396259386
Contix,0.0007383422386695991
Bisoratio 10,0.0007375068398037737
Oftensin,0.0007375068398037737
Momester,0.0007237732227129899
Verospiron,0.0007232613685063598
Theospirex retard,0.0007220784165621478
Theospirex retard 300 mg,0.0007203604063539384
Lamitrin,0.0007186637802770282
Nolpaza 40 mg tabletki dojelitowe,0.0007186224275301764
Candepres,0.0007159839391418712
Opacorden,0.0007156495277268728
Acenocumarol WZF,0.0007130424836344364
Maysiglu,0.0007119301350623101
Gensulin M30 (30/70),0.0007119022817763113
Famogast,0.0007111907088602278
Benodil,0.0007111073334972365
Euthyrox N 150,0.0007045792586912547
Actelsar HCT,0.0007043318624913834
Tegretol CR 400,0.0006993156912664078
Metformax SR 750,0.0006980565299180975
Allertec,0.000697759654478252
Sertagen,0.0006947789568149756
Areplex,0.0006925091677720189
Velaxin ER 75 mg,0.0006920541862550143
Palgotal,0.0006908063994446293
Tramal,0.0006897296856846379
"Madopar 62,5 mg",0.0006844218713072622
Suvardio Plus,0.0006837519110234729
Vetira,0.0006822379600256401
Formodual,0.0006814167183874469
Vitaminum B12 WZF,0.0006811255760559517
Euphyllin long,0.0006782568717518499
"Vivace 2,5 mg",0.0006643564281124141
DuoResp Spiromax,0.0006636974632077028
Astmodil,0.0006635973672739617
Ospamox,0.0006624439239295036
Ultibro Breezhaler,0.0006615999984143115
Simvacard 20,0.000656497380701105
Zoxon 4,0.0006545910081448557
Amaryl 2,0.0006504120029111684
Budezonid LEK-AM,0.0006492583404021137
Atorvox,0.0006491130306801203
Siofor XR 1000 mg,0.0006488445915850876
Trusopt,0.0006473818260079178
Warfin,0.0006423884038587924
"Omnic 0,4",0.0006405070552859784
Doxanorm,0.0006400452490462187
Tamoxifen-Egis,0.0006388258985806464
Efectin ER 75,0.0006355295574899481
Adaster,0.0006330499840449429
Activelle,0.0006304681318468705
Co-Bespres,0.0006229675178054511
Oxodil PPH,0.00061692081344446
Flixonase,0.0006142046117106519
Tialorid,0.0006126394373694468
Lithium Carbonicum GSK,0.0006099345722508544
Bufomix Easyhaler,0.0006087743693824927
Pradaxa,0.0006084627070433445
Nebinad,0.0006064061905864837
Monkasta,0.0006062173732569268
Setaloft 100 mg,0.0006049866482534294
Donepex,0.0005977615417633963
Padolten,0.0005971408711515323
Prefaxine,0.000597035846243774
Adatam XR,0.0005945086134848625
Flixotide,0.000586141313819099
Euthyrox N 137 mcg,0.0005815141517911621
"Omsal 0,4 mg kapsułki o przedłużonym uwalnianiu",0.0005812798363099048
Helicid Forte,0.0005803675983683106
Augmentin ES,0.0005796146494558197
Proscar,0.0005784180025679459
Nebispes,0.0005781563881956682
Dipperam HCT,0.0005777196059393438
Combigan,0.0005760157001581616
Absenor,0.0005750352149890167
Kwetaplex,0.000574875971458065
Dalfaz Uno,0.0005740706541729669
Juvit D3,0.0005731201977839444
Momecutan,0.0005724372705269204
Insulatard Penfill,0.0005707499791465511
Vesisol,0.0005657194684283476
Symazide MR 60 mg,0.0005636493025259765
Uprox,0.0005595260325281224
Doxycyclinum Polfarmex,0.0005555908973875497
Lonamo,0.0005553697763702854
Naklofen,0.0005543019347498756
Braltus,0.0005522565653401815
Mizetam,0.0005504593883480132
Ryzodeg,0.0005480057776725564
Lipanthyl 200M,0.0005478682686086721
Madopar HBS,0.0005438598814438616
Furaginum Adamed,0.0005402154794926547
Fanipos,0.0005330790943984376
Avasart Plus,0.0005300989654620575
Vasilip,0.0005263590173922797
Miansec,0.0005231195489912069
Tramal Retard 100,0.0005226948995905021
Silodosin Recordati,0.000521736405179513
Rawel SR,0.0005207365832958954
Olfen 75,0.000520353261367819
Vermox,0.0005185447098377257
Systen 50,0.0005176119977278663
Etruzil,0.0005169227007296044
Jovesto,0.0005162646205137037
Femoston conti,0.0005149480809458044
Candepres HCT,0.0005147205901873021
Letrox 150,0.0005124957305691496
Symla,0.0005115061457696646
Alventa,0.0005111785590774213
Oriven,0.0005106667048707911
Maymetsi,0.0005102003488158614
Opokan max,0.0005073491312941332
Azimycin,0.0005053479709825055
Bactrim,0.0005043743104906175
Xartan,0.0005022108733772607
Delortan,0.0005016444213658409
Biofuroksym,0.0004961323203100792
Atorvastatin Bluefish AB,0.0004946878960160701
Berotec N 100,0.0004920124626736026
Gensulin R,0.0004894494380429364
Amertil,0.0004854322924839236
Zotral,0.0004797552606054987
Naproxen 500 Hasco,0.0004789237818831728
Trittico XR,0.0004787755337312991
Cilan,0.00047849268689581097
Rigevidon,0.00047547160962290043
Microgynon 21,0.0004715231283047477
Tritace 5 comb,0.00047151782024013045
Siofor XR 500 mg,0.0004703312663664919
Exbol,0.00047031098176627574
Vesoligo,0.00046854679093409044
Brintellix,0.00046819304280461933
Humalog,0.0004679803389454197
Ranopril,0.00046447243144931427
Vastan,0.00046346237248156403
Efectin ER 150,0.0004625387600020447
Pantoprazole Bluefish,0.0004602047048198111
Clopizam,0.0004579752953864886
Pabi-Dexamethason,0.0004576022105425448
Adablok,0.0004566171755582299
Lametta,0.00045564351511184
Zolafren,0.0004534467126796531
Perazin 50 mg,0.00045248139356865804
Deslodyna,0.00045185579398277675
Tialorid mite,0.0004489029639374169
AzitroLEK 500,0.0004479566024275455
Fiasp,0.00044736603637297536
Gasec-20 Gastrocaps,0.00044707621314664343
"Xyzal 0,5 mg/ml roztwór doustny",0.0004441916303288343
Miansec 30,0.000444064235504073
Alfabax,0.00044332489053894054
Luteina,0.0004426082946496583
Lipancrea 16 000,0.00044142989252061635
Lantus SoloStar,0.00043975829042714143
Bactrim Forte,0.00043956082844876144
Fluconazole Polfarmex,0.0004356349446066175
Zyx,0.0004341316098290154
Zanacodar,0.00043282164221888935
Coronal 10,0.00043245310719011563
Akineton,0.00043122693200178824
Anesteloc,0.00043005080478033137
Tertensif Kombi,0.00042990293578730487
Ramicor,0.00042855846540455626
Micardis,0.00042724129391282797
Velaxin ER 150 mg,0.0004268090614716736
Torvacard 40,0.0004231297776117461
Vanatex,0.0004229576429302297
Auglavin PPH,0.0004217603588862395
Pulmoterol,0.00042041581286281367
Uprox XR,0.00041841237757535375
Glibetic 1 mg,0.00041683131680376274
Euthyrox N 175,0.0004167175714245116
Cervarix,0.0004156574644898909
Corectin 5,0.00041306861965813475
Neurotop retard 600,0.0004128434948035209
RANMET XR,0.0004115922046354548
Mixtard 30 Penfill,0.000409934706969007
Lisinoratio 10,0.000405399906120775
Amaryl 1,0.000402012568794923
Salaza,0.0004000174748428578
Salofalk 500,0.00039988098038775646
Caramlo,0.0003972238883284496
Gensulin N,0.0003971474514335928
Tegretol CR 200,0.0003969008514513763
Mel Forte,0.00039646027767482715
Dicloabak,0.00039625705260481483
Metex,0.00039610461225324353
Duexon Pro,0.0003936158848986031
Sertranorm,0.0003889227505507007
Pentasa,0.00038716652189506296
Spiolto Respimat,0.0003857606290075187
Finxta,0.00038492118810864523
Berodual N,0.000384104496285622
Kwetaplex XR,0.0003830853376875317
Candezek Combi,0.00038275623438264864
Symapamid SR,0.00038094237474244004
Melodyn,0.00037884490994904876
Rozacom,0.0003785734376287367
Siofor XR 750 mg,0.00037780300227510834
Rupaller,0.00037713804678800615
Liprolog,0.0003741824868535442
Kreon 25 000,0.0003732008642306068
Hascovir,0.00037293697495074414
Fluanxol,0.00037250246760200473
Afenix,0.00037218625544768654
Xalacom,0.0003707705046121079
Pamyl 20 mg,0.00037005694194810503
Lamilept,0.0003697475545165419
Evertas,0.0003684076339489634
Prolia,0.00036628742007972196
Apidra SoloStar,0.00036505305522408843
Dermovate,0.00036333004021919205
"Transtec 52,5 mcg/h",0.00036250970854403275
Simvagen 20,0.00035937625083642206
Lyrica,0.0003560594355774586
Ostemax 70 comfort,0.0003558273950037862
Finlepsin 200 retard,0.0003537868029000206
Glibetic 3 mg,0.0003534819652836275
Azitrox 500,0.0003534720922302067
Depakine Chronosphere 250,0.00035226716463322526
Insulin lispro Sanofi,0.00035182628777073857
Dipper-Mono,0.00035150507059224256
Finospir,0.00035121865972728814
Goprazol 20 mg,0.00035106828833591814
Oxydolor,0.00035080364051087026
Atorvagen,0.0003503334931859557
Lanzul,0.00034986713713102595
Abilify,0.0003491323419810636
Normeg,0.00034695298051461154
Majamil prolongatum,0.0003465958200237629
Montelukast Sandoz,0.00034322895679792886
Estrofem,0.00034220963570318974
Leflunomide medac,0.00034206647902198216
"Velaxin ER 37,5 mg",0.00034179121520419434
Hydrocortisonum-SF,0.00034123386284586375
Lorista HD,0.00033997128913617594
Flonidan,0.00033919213328830556
Propranolol Accord,0.00033796482064618567
Advagraf,0.0003375576121884666
Hyzaar,0.00033568536324599265
Loratadyna Galena,0.0003343879076048351
Polhumin MIX-3,0.0003341320563469389
Anapran EC,0.0003341217434628856
Miravil,0.0003339063855145047
Depakine Chronosphere 100,0.00033196588934448004
Grofibrat M,0.00033105365140288583
Sigletic,0.0003294589411857847
Liprolog KwikPen,0.00032771864555064
Solian,0.00032738195056065874
Prestozek Combi,0.000327108961650456
Carvedilol-ratiopharm,0.0003264879118797447
Atorvastatin Genoptim,0.0003263582421473984
Amizepin,0.000323648827213636
Lozap HCT,0.0003234600098840791
Fluoxetin Polpharma,0.0003225295726818047
Dozox,0.00032249317416044434
Vimetso,0.00032242947674806366
Lisinoratio 20,0.00032214966311510583
Zolaxa,0.0003220086188448344
Cezarius,0.00031938792530688794
Bicardef 5 mg,0.0003191532306895325
Srivasso,0.0003160756598630945
Ramoclav,0.00031566512867535663
Spiriva,0.0003152180197035408
Fluxemed,0.0003134889382708346
Zamur 500,0.000311832098985391
SITAGLIPTIN BIOTON,0.000310590857675604
Convulex,0.00030964222121264944
Travatan,0.00030962629685955427
Atrovent,0.00030950572675754803
Zinoxx,0.00030792738236210806
Silodosin Aurovitas,0.0003074628597461974
Olzapin,0.00030168686938782406
Enstilar,0.00030119321444187404
Ostolek,0.0003005767144863328
Torvacard 10,0.0003000785097252128
Ospen 1500,0.0002986857227850076
Zenofor SR,0.000298021993268352
Ceclor,0.00029653420370774695
Suliqua,0.00029532974012366563
Depo-Medrol z Lidokainą,0.00029447541234330115
Psotriol,0.0002943502924261249
Fluoksetyna EGIS,0.0002932242131715385
Proursan,0.0002931844780887213
Accofil,0.0002931582560479555
Sumilar,0.00029277150656211896
Rovamycine,0.0002924629722209002
Diprophos,0.00029157049931337873
Ketonal Duo,0.00029105395133542655
Ospen 750,0.000290799161685904
Polcylin,0.0002902645584034236
Montelukast Bluefish,0.00028846055668850035
Ximve,0.0002882694644513584
Mycofit,0.00028790775414533977
Humulin N,0.0002878217626386259
Amaryl 3,0.00028761201615928677
Zocor 10,0.0002859672579753152
Argadopin,0.0002849496918125344
AzitroLEK,0.0002846261999539441
Systen Sequi,0.00028260039474948113
Gabapentin Teva,0.00028242522686543436
Prazol,0.00028225460879655767
Budesonide Easyhaler,0.00028138331919149383
Depepsit Met,0.0002811239797268012
Actrapid Penfill,0.0002808864793749248
Nitromint,0.00027945647246697936
Azathioprine VIS,0.00027938367542425864
Co-Dipper,0.0002780619541173603
Simvastatin Bluefish,0.00027803238031875495
Chlorprothixen Hasco,0.0002775114264817847
Cozaar,0.0002766879099360064
Amlodipine Bluefish,0.0002755368066979847
Minirin Melt,0.00027503177721410966
Dutilox,0.00027448807430128917
Arechin,0.00027232236228034724
Cyclo-Progynova,0.0002718241575192272
Amoksiklav Quicktab 1000 mg,0.00027173559557168393
Humalog Mix 25,0.0002715202298658682
Nebivolol Aurovitas,0.0002702066982262759
Lirra,0.0002701437591315896
Xaloptic,0.0002698813864188685
Dexamethasone Krka,0.0002695037517825038
Flutixon,0.00026934109589017463
Cogiton 10,0.000267671692904364
Simcovas,0.0002670423017755089
Humulin M3 (30/70),0.0002667843272553673
Ospamox 1000 mg,0.0002656440298283745
Apo-Doxan 2,0.00026551811369354347
Equoral,0.0002653270214564016
Purethal,0.00026309761202307903
Toptelmi,0.0002610752191799936
Reseligo,0.00026047691848513256
Zanacodar Combi,0.0002593542515919237
Bespres,0.00025934856432296115
Duexon,0.00025819291126976947
Finaran,0.0002566345995740287
Fenardin,0.000255972601466787
Tramapar,0.000255589582874888
Prenome,0.00025510586167689324
ApoSerta,0.00025358167359492784
Lonamo Duo,0.00025170942465245396
Haloperidol UNIA,0.0002511907457230687
Agastin 20 mg,0.0002510929246969127
Venlafaxine Bluefish XL,0.00025058107049028255
Valsacor 320 mg tabletki powlekane,0.00024913877908137796
Atossa,0.0002475031205277464
Omeprazole Genoptim,0.00024728700430716926
Insulin aspart Sanofi,0.00024640524785230676
MicardisPlus,0.00024625874607873884
Andepin,0.00024611997671605243
Symlosin SR,0.0002452031889592882
Spamilan,0.0002449165885262847
Latuda,0.00024408393442745685
Trileptal,0.00024333321492439928
Poltram,0.00024265642991785493
Rozaprost Mono,0.00024176795211203802
Vanatex HCT,0.0002406829475878475
Indapres,0.00023938397535679936
Solitombo,0.0002393271026671738
OxyContin,0.0002389001782223894
Panrazol,0.0002386355307613268
Toujeo,0.00023779067826679192
Utrogestan,0.00023765504559218189
Ezoleta,0.00023735475779095887
CellCept,0.00023587606786069391
Depakine Chronosphere 500,0.00023576914720419782
Luteina 50,0.0002352823169810029
Risendros 35,0.00023488875796879392
Cezera,0.00023455737975632587
Zolafren-Swift,0.000233312247012373
Tresiba,0.00023324734401271768
Bazetham Retard,0.00023168113827391152
Vilpin Combi,0.00023136492611959333
Vilpin,0.00023049363651452952
Zoxon 2,0.0002302934446470475
Aropilo SR,0.00022970424358252653
DuoTrav,0.000229155990854536
Orungal,0.00022890298862265204
Sastium,0.0002288488783305579
Atimos,0.00022808454730469961
Ampril 5 mg tabletki,0.00022793209057379364
Trixeo Aerosphere,0.0002271290481962805
Tertensif Bi-Kombi,0.00022678553715094204
Ganfort,0.00022572543021632133
Dilzem retard,0.00022521325595294302
Depratal,0.000224503804843164
Medikinet CR 10 mg,0.00022215534189772587
Biseptol 480,0.0002191485586426406
Bunondol,0.00021740305995261283
Xaloptic Combi,0.0002157393442130157
Finlepsin 400 retard,0.00021559981655538399
Trexan Neo,0.0002146796164372422
Mononit 60 Retard,0.00021450786091457296
Madopar,0.00021328396063383058
Lamitrin S,0.0002132748610034905
Polpix SR,0.00021230120055710066
Bi-Profenid,0.00021100689188660184
Mononit 10,0.00020986704944112605
Axyven,0.00020943481699997168
NovoMix 50 Penfill,0.00020941525720806118
Paxtin 20,0.00020932107162072053
Tianesal,0.00020907613989648336
Morphini sulfas WZF,0.00020892501021016802
Euthyrox N 200,0.00020811537060065835
Nodom Combi,0.00020716976736298316
Ceroxim,0.00020588444696609818
Tulip Combo,0.00020574491689706438
Normodipine,0.00020458243912111764
Rexetin,0.0002034791089423815
Polhumin N,0.0002033103107995728
Hydrocortisonum AFP,0.00020327436725972942
Klarmin,0.00020279368549751178
Iruxol Mono,0.00020210051494585755
Reagila,0.00020125652423181402
Zasterid,0.0002008493157740949
Simvacard 10,0.00020033063684470967
Cyclogest,0.0001998096830077394
Pantoprazole Genoptim,0.0001994057129492148
Telmisartan Bluefish,0.00019899071627713113
Polamoklav,0.00019865724710610539
Arketis tabletki 20 mg,0.0001985220853146164
Acebutolol Gedeon Richter,0.0001970684193677867
Glypvilo,0.00019667031054040768
Xaloptic Free,0.00019642007070605515
Lumigan,0.0001963768474619397
Fluticomb,0.00019626537699027357
Bromocorn,0.00019592869066769017
Torecan,0.00019563067777405216
Tenox,0.00019548963350378074
Zocor 40,0.00019542138627623006
Fromilid 500,0.00019465693595421797
Donecept,0.00019461834389871693
Metsigletic,0.0001938630745804893
Findarts,0.00019123403970714803
Nodofree,0.00019091479437304858
Rolpryna SR,0.00019070322794489237
Losacor,0.00018979099000329816
Fevarin,0.00018970226860748224
Daivobet,0.0001896180970268364
ApoAmlo,0.00018814168200415648
Clopixol-Depot,0.00018761050104714884
Oxodil Combo,0.0001870929496074609
Mobemid,0.00018673578911661227
Indapamide SR Genoptim,0.00018641957696229408
Hydroxycarbamid Teva,0.0001858485751584533
Oxepilax,0.00018554373754206023
Megace,0.00018545046633107427
Foradil,0.0001844085581111559
Kamiren XL,0.000184135569746931
Dilzem 120 retard,0.0001841053877517828
Nimvastid,0.00018307546281231028
Abasaglar,0.00018298878883332093
Symazide MR 30,0.00018255905879051006
Seebri Breezhaler,0.0001812373374836117
Lafactin,0.00018071865855422646
Transtec 70 mcg/h,0.00018054986041141777
Telmix Plus,0.00018039107186198315
Momecutan Fettcreme,0.00017991561617671333
Trelegy Ellipta,0.0001796722010651159
Ivabradine Anpharm,0.0001779432713004984
Methofill,0.00017768592237994268
Ivineb,0.000177606584977915
AirFluSal Forspiro,0.00017715387836849544
Naproxen 250 Hasco,0.00017661199538174295
Donesyn,0.0001763485610833973
Atorvastatin Aurovitas,0.00017554551870588417
Polhumin R,0.00017551186677144752
Diovan,0.00017427384536585633
Ampril 10 mg tabletki,0.0001735595243841591
Anafranil,0.00017250691436198668
Estrofem mite,0.0001719284156456976
Carvetrend,0.00017187609277124208
Cipropol,0.00017084078232929812
Nebivor,0.00017058394526294903
"Tritace 2,5 comb",0.00017021086041900526
Staveran 120,0.00016968308185927992
Egistrozol,0.00016958526083312394
Tramal Retard 200,0.00016892371770739923
Oprymea,0.00016875946937976058
Medikinet CR 20 mg,0.0001685843014957138
Myconafine,0.00016825785225726302
Madopar 250 mg,0.00016822031628211013
Syntarpen,0.0001680899356411435
Denofix,0.00016738997501357676
Amylan,0.0001672051959179722
Finlepsin,0.0001669986909089528
Aripilek,0.00016694636803449726
Furazek,0.00016689859497521177
Mestinon,0.0001667621005201104
Bisoprolol VP,0.00016648911160990765
Depakine,0.00016642996401269704
Furosemid Medreg,0.0001658498625785162
Humulin R,0.0001653589375216682
Belosalic,0.00016534028327947102
Nodofree Combi,0.00016507336075157988
Grofibrat 200,0.0001645258663640328
Pinexet 25 mg,0.00016446444385923717
Refastin,0.0001643961966316865
Zypadhera,0.00016371599926376463
Pulmicort Turbuhaler,0.00016366822620447914
Lisinoratio 5,0.00016341571146254158
Risperon,0.0001628720085497211
Aribit,0.0001628356100283607
Rozesta,0.00016280603622975543
Tamoxifen Sandoz,0.0001619438462550317
Betoptic S,0.00016087236478248588
Etibax,0.00016084734079905061
Imuran,0.00015940504939014605
Convival Chrono,0.00015930495345640503
Simvachol,0.00015927082984262968
Tramal Retard 150,0.00015862399779353786
Hyzaar Forte,0.0001584882616333818
BDS N,0.00015827783268176717
Rozalin,0.00015751460118699194
Humalog Mix 50,0.00015723569751706815
Staveran 40,0.00015611780792978782
Uroflow 2,0.0001558607433726802
Lanzul S,0.0001553739131494853
Trioxal,0.0001545093670302267
Preato,0.00015400328132950895
"Cliovelle 1 mg/0,5mg tabletki",0.0001532377749271487
Ranloc,0.000152573501912322
Nodom,0.00015240895027125506
Ketilept 25 mg,0.00015223454068215357
Amisan,0.0001520684724284469
Amoksiklav ES,0.00015189557945198516
Zalasta,0.00015114485994892755
Meprelon,0.00015092419391318033
Viregyt-K,0.00015031451868039418
Jazeta,0.00015009385264464693
Aspicam,0.00014967830285153304
Fraxiparine,0.00014965365802694497
Cogiton 5,0.00014951147630288105
Camlocor,0.0001492362124850933
Orgalutran,0.00014922711285475317
Clindanea,0.00014816529971669462
Prevenar 13,0.00014814425684428224
Symgliptin,0.00014776662218516843
Aromek,0.0001475163823508159
Briglau Free,0.00014699921992032499
Rispolept Consta,0.00014616508724531223
Myfenax,0.0001450344581755558
Levebon,0.00014402667411539063
Kliogest,0.0001439038291057994
Detriol,0.0001435967165818213
"Diphereline SR 11,25 mg",0.00014130815955128815
Orizon,0.00014097829795145983
Nakom,0.00014042777031588426
Tramal Retard 50,0.00014023030833750424
Cortineff,0.00014007515964020568
Salflumix Easyhaler,0.00013946548440741953
Diclac,0.00013942954086757615
Ketipinor,0.0001391756611810876
Salazopyrin EN,0.0001380868904108956
Nironovo SR,0.00013759778528011564
Alermed,0.0001364762558406993
Zarzio,0.00013637024514723725
Toptelmi HCT,0.00013634203629318297
Auroxetyn,0.00013630563777182258
Apo-Flutam,0.00013593255292787882
Mensinorm Set,0.0001357937835651924
Staveran 80,0.00013500439063318943
GlucaGen 1 mg HypoKit,0.0001348724459932581
Spiriva Respimat,0.0001343469423411178
Zolaxa Rapid,0.00013416949954948601
Flixotide Dysk,0.00013311621733762036
Atorvastatin Medreg,0.00013310939261486528
Levomine,0.00013284550324400631
Ospen 1000,0.00013272734488527634
"Atram 6,25",0.00013249061775173903
Tamsiger,0.00013187866761136784
Ontozry,0.0001304989361610514
Adadox,0.00013003826737508425
Ciprinol,0.00012968110688423563
Relsed,0.0001285099844594658
Xetanor 20 mg,0.00012815236898710018
"Haloperidol WZF 0,2%",0.00012813644463400504
Ontipria,0.0001277474354369661
Duloxetine Zentiva,0.00012699216611873845
Vidotin,0.00012696486722771819
Invokana,0.00012670780267061058
Betacal,0.00012665547979615505
Bixebra,0.00012620277318673548
Seretide Dysk 250,0.00012597983224340323
Pregabalin Sandoz,0.000125659070273915
Venlafaxine Actavis,0.00012509716810041432
Luminalum Unia,0.00012506304448663897
Convulex 300,0.00012490607586327238
Grofibrat,0.00012382321985280145
Gensulin M50 (50/50),0.00012380638553667226
Dynid,0.0001227512833987386
Clopixol,0.00012142774216577223
Megalia,0.0001213549451230515
Fluanxol Depot,0.00012118887686934481
Vizidor Duo,0.00012086811489985657
Taflotan Multi,0.00011935530135581628
Etform SR,0.00011926885486758541
Clindamycin-MIP 300,0.00011914856912902732
Oxis Turbuhaler,0.00011897539178911744
Poltram Retard 100,0.00011821526934229144
Olanzapine +pharma,0.00011805177930959811
Apo-Doxan 1,0.0001165366908579728
Doxonex,0.00011589289201141129
Adrenalina WZF,0.00011572909866528963
Tropicamidum WZF 1%,0.00011494653045604172
Atrox,0.00011477363747957997
Lacosamide Teva,0.00011391144750485627
Egolanza,0.00011357248627468784
Orilukast,0.00011329494754931503
Ricordo,0.00011326082393553968
Provera,0.00011318120217006388
Seretide Dysk 500,0.00011263749925724339
Febrofen,0.00011258062656761781
Clarzole,0.00011219161737057888
Itrax,0.00011205057310030746
Decaldol,0.00011141641986190645
Abilify Maintena,0.00011097226690500655
Mycosolon,0.00011067197910378352
Anesteloc 40 mg,0.00011020107323368376
"Gentamicin WZF 0,3%",0.00010893622461641098
Lorista HL,0.00010811270807063266
Vitacon,0.00010766000146121308
Profenid,0.00010755990552747206
Pamyl 40 mg,0.00010733241476896978
Envarsus,0.00010699800335397139
Agomelatyna Egis,0.00010650207350043637
Adenuric,0.00010637695358326011
Optilamid,0.00010583780048560967
Doxar XL,0.00010547154036442097
Exelon,0.00010435228583258965
Cortiment MMX,0.00010388820468524496
Promonta 5 mg,0.00010369256263293298
Symasteride,0.00010361749068262723
Cazaprol,0.00010301691508018115
Demezon,0.00010213425093719223
Delmuno 5,0.00010018693004441256
Bimifree,0.00010013081562698321
